fecha,pm25_ug_m3
2024-01-01,52
2024-01-02,18
2024-01-03,17
2024-01-04,9
2024-01-05,6
2024-01-06,7
2024-01-07,10
2024-01-08,8
2024-01-09,10
2024-01-10,10
2024-01-11,12
2024-01-12,13
2024-01-13,12
2024-01-14,13
2024-01-15,14
2024-01-16,19
2024-01-17,21
2024-01-18,20
2024-01-19,18
2024-01-20,14
2024-01-21,17
2024-01-22,11
2024-01-23,12
2024-01-24,11
2024-01-25,10
2024-01-26,6
2024-01-27,14
2024-01-28,28
2024-01-29,24
2024-01-30,13
2024-01-31,19
2024-02-01,19
2024-02-02,9
2024-02-03,8
2024-02-04,9
2024-02-05,7
2024-02-06,13
2024-02-07,22
2024-02-08,26
2024-02-09,22
2024-02-10,14
2024-02-11,8
2024-02-12,9
2024-02-13,15
2024-02-14,27
2024-02-15,13
2024-02-16,18
2024-02-17,7
2024-02-18,18
2024-02-19,16
2024-02-20,15
2024-02-21,16
2024-02-22,26
2024-02-23,22
2024-02-24,30
2024-02-25,14
2024-02-26,11
2024-02-27,17
2024-02-28,25
2024-02-29,20
2024-03-01,21
2024-03-02,19
2024-03-03,18
2024-03-04,19
2024-03-05,20
2024-03-06,22
2024-03-07,18
2024-03-08,12
2024-03-09,17
2024-03-10,29
2024-03-11,21
2024-03-12,19
2024-03-13,21
2024-03-14,19
2024-03-15,19
2024-03-16,21
2024-03-17,14
2024-03-18,16
2024-03-19,28
2024-03-20,23
2024-03-21,17
2024-03-22,20
2024-03-23,28
2024-03-24,28
2024-03-27,38
2024-03-28,45
2024-03-29,36
2024-03-30,40
2024-03-31,47
2024-04-01,25
2024-04-02,29
2024-04-03,17
2024-04-04,17
2024-04-05,17
2024-04-06,14
2024-04-08,22
2024-04-09,17
2024-04-10,18
2024-04-11,23
2024-04-12,24
2024-04-13,21
2024-04-14,23
2024-04-15,31
2024-04-16,30
2024-04-17,28
2024-04-18,30
2024-04-19,35
2024-04-20,30
2024-04-21,24
2024-04-22,22
2024-04-24,25
2024-04-25,30
2024-04-26,38
2024-04-27,30
2024-04-28,27
2024-04-29,24
2024-04-30,32
2024-05-01,29
2024-05-02,31
2024-05-03,35
2024-05-04,33
2024-05-05,29
2024-05-06,33
2024-05-07,28
2024-05-08,32
2024-05-09,42
2024-05-10,20
2024-05-11,28
2024-05-12,43
2024-05-13,56
2024-05-14,53
2024-05-15,47
2024-05-16,34
2024-05-17,29
2024-05-18,26
2024-05-19,24
2024-05-20,21
2024-05-21,18
2024-05-22,33
2024-05-23,19
2024-05-24,27
2024-05-25,21
2024-05-26,21
2024-05-27,14
2024-05-28,21
2024-05-29,29
2024-05-30,25
2024-05-31,21
2024-06-01,23
2024-06-02,18
2024-06-03,17
2024-06-04,18
2024-06-05,29
2024-06-06,24
2024-06-07,31
2024-06-09,27
2024-06-10,19
2024-06-11,19
2024-06-12,18
2024-06-13,15
2024-06-14,15
2024-06-15,13
2024-06-16,13
2024-06-17,12
2024-06-18,13
2024-06-19,12
2024-06-20,10
2024-06-21,6
2024-06-22,10
2024-06-23,10
2024-06-25,9
2024-06-26,10
2024-06-27,12
2024-06-28,9
2024-06-30,10
2024-07-01,6
2024-07-02,7
2024-07-03,6
2024-07-04,12
2024-07-05,14
2024-07-06,16
2024-07-07,22
2024-07-08,15
2024-07-09,14
2024-07-12,10
2024-07-13,18
2024-07-14,20
2024-07-15,17
2024-07-16,19
2024-07-17,17
2024-07-18,11
2024-07-19,13
2024-07-20,15
2024-07-22,8
2024-07-24,19
2024-07-25,16
2024-07-26,18
2024-07-27,23
2024-07-28,19
2024-07-29,11
2024-07-30,12
2024-07-31,20
2024-08-01,15
2024-08-02,10
2024-08-04,12
2024-08-05,16
2024-08-06,14
2024-08-07,15
2024-08-08,14
2024-08-09,15
2024-08-10,15
2024-08-11,20
2024-08-21,10
2024-08-23,12
2024-08-24,14
2024-08-25,16
2024-08-28,14
2024-08-29,14
2024-08-30,17
2024-08-31,16
2024-09-19,13
2024-09-20,20
2024-09-21,13
2024-09-22,8
2024-09-23,12
2024-09-25,8
2024-09-26,8
2024-09-27,6
2024-09-28,10
2024-09-29,18
2024-09-30,16
2024-10-01,11
2024-10-02,7
2024-10-03,9
2024-10-04,18
2024-10-05,14
2024-10-06,8
2024-10-07,8
2024-10-08,15
2024-10-09,20
2024-10-10,9
2024-10-12,14
2024-10-13,26
2024-10-14,22
2024-10-15,16
2024-10-16,13
2024-10-17,12
2024-10-18,13
2024-10-19,7
2024-10-20,5
2024-10-21,5
2024-10-22,9
2024-10-24,15
2024-10-25,20
2024-10-26,17
2024-10-27,13
2024-10-28,18
2024-10-29,25
2024-10-30,23
2024-10-31,20
2024-11-01,18
2024-11-02,21
2024-11-03,21
2024-11-04,24
2024-11-05,21
2024-11-06,19
2024-11-07,23
2024-11-08,13
2024-11-09,10
2024-11-10,12
2024-11-11,9
2024-11-12,13
2024-11-13,14
2024-11-14,12
2024-11-15,15
2024-11-16,23
2024-11-17,13
2024-11-18,11
2024-11-19,17
2024-11-20,14
2024-11-21,14
2024-11-22,20
2024-11-23,10
2024-11-24,15
2024-11-25,11
2024-11-26,10
2024-11-27,14
2024-11-28,15
2024-11-29,19
2024-11-30,19
2024-12-01,12
2024-12-02,15
2024-12-03,19
2024-12-04,16
2024-12-05,18
2024-12-06,22
2024-12-07,13
2024-12-08,14
2024-12-09,21
2024-12-10,21
2024-12-11,15
2024-12-12,28
2024-12-13,22
2024-12-14,15
2024-12-15,11
2024-12-16,11
2024-12-17,19
2024-12-18,19
2024-12-19,7
2024-12-20,13
2024-12-21,12
2024-12-22,9
2024-12-23,10
2024-12-24,15
2024-12-25,38
2024-12-26,15
2024-12-27,13
2024-12-28,15
2024-12-29,18
2024-12-30,20
2024-12-31,21
